LOAN_ID,FINANCIAL_INSTITUTION,INTEREST_RATE,UNPAID_PRINCIPAL_BAL,LOAN_TERM,LOAN_TO_VALUE,NUMBER_OF_BORROWERS,DEBT_TO_INCOME_RATIO,BORROWER_CREDIT_SCORE,CO_BORROWER_CREDIT_SCORE,INSURANCE_ID,INSURANCE_PERCENT,INSURANCE_TYPE,FIRST_PAYMENT_DATE,A23,B12,C86,LOAN_STATUS,NOT_DEFAULT,DEFAULT,PREDICTION
283414000000,8,3.875,121000,360,95,1,22,762.0,0,INS0000108696,30,0,Apr-12,0,0,1,NOT_DEFAULT,0.99999989999999,1.0000000994736e-07,NOT_DEFAULT
177189000000,8,3.875,361000,360,62,2,15,815.0,719,INS0000109022,0,0,Apr-12,0,1,0,NOT_DEFAULT,0.99999989999999,1.0000000994736e-07,NOT_DEFAULT
774017000000,1,3.875,267000,360,79,1,48,797.0,0,INS0000108531,0,0,Apr-12,0,0,1,NOT_DEFAULT,0.99999989999999,1.0000000994736e-07,NOT_DEFAULT
490892000000,8,3.75,197000,360,91,2,29,819.0,804,INS0000106390,25,0,Mar-12,0,0,1,NOT_DEFAULT,0.99999989999999,1.0000000994736e-07,NOT_DEFAULT
402956000000,8,4.0,145000,360,97,1,33,758.0,0,INS0000113273,30,0,Mar-12,0,0,1,NOT_DEFAULT,0.99999989999999,1.0000000994736e-07,NOT_DEFAULT
705390000000,8,4.125,160000,360,80,1,38,750.0,0,INS0000111240,0,0,Mar-12,0,1,0,NOT_DEFAULT,0.99999989999999,1.0000000994736e-07,NOT_DEFAULT
960503000000,8,4.0,401000,360,55,2,41,740.0,741,INS0000112229,0,0,Apr-12,0,1,0,NOT_DEFAULT,0.99999989999999,1.0000000994736e-07,NOT_DEFAULT
468965000000,8,2.75,257000,120,32,2,21,814.0,802,INS0000106294,0,0,Apr-12,1,0,0,NOT_DEFAULT,0.99999989999999,1.0000000994736e-07,NOT_DEFAULT
652137000000,8,3.85,291000,360,75,2,30,813.0,815,INS0000108570,0,0,Mar-12,1,0,0,NOT_DEFAULT,0.99999989999999,1.0000000994736e-07,NOT_DEFAULT
514709000000,8,3.875,132000,360,74,2,11,809.0,808,INS0000109249,0,0,May-12,1,0,0,NOT_DEFAULT,0.99999989999999,1.0000000994736e-07,NOT_DEFAULT
678064000000,8,3.25,93000,180,56,1,18,813.0,0,INS0000112090,0,0,May-12,1,0,0,NOT_DEFAULT,0.99999989999999,1.0000000994736e-07,NOT_DEFAULT
135509000000,6,4.5,378000,360,74,2,33,703.0,685,INS0000109875,0,0,Mar-12,1,0,0,NOT_DEFAULT,0.99999989999999,1.0000000994736e-07,NOT_DEFAULT
640614000000,3,4.625,231000,360,80,2,49,771.0,793,INS0000111517,0,0,Mar-12,0,0,1,NOT_DEFAULT,3.00000089999998e-14,0.99999999999997,DEFAULT
711380000000,8,3.75,360000,360,72,2,10,763.0,759,INS0000114392,0,0,Apr-12,1,0,0,NOT_DEFAULT,0.99999989999999,1.0000000994736e-07,NOT_DEFAULT
915595000000,1,4.125,232000,360,95,1,31,753.0,0,INS0000110429,30,0,Mar-12,1,0,0,NOT_DEFAULT,3.00000089999998e-14,0.99999999999997,DEFAULT
578805000000,18,4.0,131000,180,71,2,44,702.0,743,INS0000108703,0,0,Mar-12,0,1,0,NOT_DEFAULT,0.99999989999999,1.0000000994736e-07,NOT_DEFAULT
436891000000,8,4.125,351000,360,90,2,40,805.0,798,INS0000111430,25,0,Apr-12,0,0,1,NOT_DEFAULT,0.99999989999999,1.0000000994736e-07,NOT_DEFAULT
131338000000,8,3.125,167000,180,75,2,24,797.0,808,INS0000115902,0,0,Apr-12,1,0,0,NOT_DEFAULT,0.99999989999999,1.0000000994736e-07,NOT_DEFAULT
877722000000,8,3.875,305000,360,53,2,24,810.0,791,INS0000113601,0,0,Apr-12,1,0,0,NOT_DEFAULT,0.99999989999999,1.0000000994736e-07,NOT_DEFAULT
382092000000,9,3.25,417000,180,74,2,28,722.0,735,INS0000114217,0,0,Apr-12,1,0,0,NOT_DEFAULT,0.99999989999999,1.0000000994736e-07,NOT_DEFAULT
334804000000,1,5.125,196000,360,80,1,42,811.0,0,INS0000111172,0,0,Apr-12,0,0,1,NOT_DEFAULT,0.99999989999999,1.0000000994736e-07,NOT_DEFAULT
563622000000,7,3.25,90000,120,40,2,22,792.0,774,INS0000108439,0,0,Mar-12,0,1,0,NOT_DEFAULT,0.99999989999999,1.0000000994736e-07,NOT_DEFAULT
825033000000,8,3.5,119000,120,46,1,38,809.0,0,INS0000112481,0,0,Apr-12,0,1,0,NOT_DEFAULT,0.99999989999999,1.0000000994736e-07,NOT_DEFAULT
561237000000,1,3.5,417000,180,70,2,44,671.0,675,INS0000113808,0,0,Apr-12,1,0,0,NOT_DEFAULT,0.99999989999999,1.0000000994736e-07,NOT_DEFAULT
334442000000,1,4.0,80000,360,41,1,44,802.0,0,INS0000112543,0,0,Apr-12,0,0,1,NOT_DEFAULT,0.99999989999999,1.0000000994736e-07,NOT_DEFAULT
307519000000,8,4.0,50000,180,40,2,16,621.0,712,INS0000108136,0,0,Apr-12,0,1,0,NOT_DEFAULT,0.99999989999999,1.0000000994736e-07,NOT_DEFAULT
836106000000,8,4.375,404000,360,74,2,17,790.0,782,INS0000107588,0,0,Mar-12,1,0,0,NOT_DEFAULT,0.99999989999999,1.0000000994736e-07,NOT_DEFAULT
145237000000,1,3.875,191000,360,34,2,9,816.0,816,INS0000113287,0,0,Mar-12,1,0,0,NOT_DEFAULT,0.99999989999999,1.0000000994736e-07,NOT_DEFAULT
430038000000,8,4.0,338000,360,49,1,33,788.0,0,INS0000112739,0,0,Apr-12,1,0,0,NOT_DEFAULT,0.99999989999999,1.0000000994736e-07,NOT_DEFAULT
400319000000,16,3.875,323000,360,84,1,26,766.0,0,INS0000106204,12,0,Mar-12,0,0,1,NOT_DEFAULT,0.99999989999999,1.0000000994736e-07,NOT_DEFAULT
522046000000,8,3.25,163000,120,94,2,21,697.0,695,INS0000107908,25,0,Apr-12,1,0,0,NOT_DEFAULT,0.99999989999999,1.0000000994736e-07,NOT_DEFAULT
708902000000,8,4.375,150000,360,29,2,12,818.0,784,INS0000113251,0,0,Mar-12,1,0,0,NOT_DEFAULT,0.99999989999999,1.0000000994736e-07,NOT_DEFAULT
595349000000,8,4.75,124000,360,80,1,47,778.0,0,INS0000115096,0,0,Mar-12,0,0,1,NOT_DEFAULT,0.99999989999999,1.0000000994736e-07,NOT_DEFAULT
178464000000,8,4.0,138000,360,73,2,37,684.0,678,INS0000108749,0,0,Mar-12,0,1,0,NOT_DEFAULT,0.99999989999999,1.0000000994736e-07,NOT_DEFAULT
971595000000,15,3.5,412000,180,80,2,21,780.0,791,INS0000111957,0,0,Apr-12,1,0,0,NOT_DEFAULT,0.99999989999999,1.0000000994736e-07,NOT_DEFAULT
226949000000,8,4.375,342000,360,67,2,19,780.0,783,INS0000106539,0,0,Mar-12,1,0,0,NOT_DEFAULT,0.99999989999999,1.0000000994736e-07,NOT_DEFAULT
320368000000,1,4.25,329000,360,64,2,27,705.0,719,INS0000116034,0,0,Apr-12,0,1,0,NOT_DEFAULT,0.99999989999999,1.0000000994736e-07,NOT_DEFAULT
404237000000,3,4.875,57000,360,75,2,28,784.0,790,INS0000111657,0,0,Apr-12,0,0,1,NOT_DEFAULT,0.99999989999999,1.0000000994736e-07,NOT_DEFAULT
726646000000,15,4.25,170000,360,47,2,26,777.0,776,INS0000114595,0,0,May-12,1,0,0,NOT_DEFAULT,0.99999989999999,1.0000000994736e-07,NOT_DEFAULT
761938000000,8,3.875,358000,360,60,2,31,796.0,778,INS0000110172,0,0,May-12,1,0,0,DEFAULT,0.99999989999999,1.0000000994736e-07,NOT_DEFAULT
415191000000,1,4.625,199000,360,75,1,25,661.0,0,INS0000114178,0,0,Mar-12,0,1,0,DEFAULT,0.99999989999999,1.0000000994736e-07,NOT_DEFAULT
618942000000,4,3.25,146000,180,70,2,30,652.0,651,INS0000113337,0,0,Mar-12,1,0,0,DEFAULT,0.99999989999999,1.0000000994736e-07,NOT_DEFAULT
142474000000,8,3.99,202000,360,86,1,21,789.0,0,INS0000108716,25,0,Mar-12,1,0,0,DEFAULT,3.00000089999998e-14,0.99999999999997,DEFAULT
883704000000,8,3.5,110000,180,66,2,48,770.0,740,INS0000110595,0,0,Apr-12,1,0,0,NOT_DEFAULT,0.99999989999999,1.0000000994736e-07,NOT_DEFAULT
140466000000,8,3.75,87000,180,17,2,33,779.0,800,INS0000110040,0,0,Mar-12,0,1,0,NOT_DEFAULT,0.99999989999999,1.0000000994736e-07,NOT_DEFAULT
585352000000,4,4.25,179000,360,80,1,24,705.0,0,INS0000111460,0,0,Apr-12,0,0,1,NOT_DEFAULT,0.99999989999999,1.0000000994736e-07,NOT_DEFAULT
181270000000,15,4.25,340000,360,85,2,32,809.0,781,INS0000110681,12,0,Apr-12,1,0,0,NOT_DEFAULT,0.99999989999999,1.0000000994736e-07,NOT_DEFAULT
877730000000,16,4.0,356000,360,75,2,45,771.0,728,INS0000115259,0,0,Apr-12,0,1,0,NOT_DEFAULT,0.99999989999999,1.0000000994736e-07,NOT_DEFAULT
215411000000,7,4.5,205000,360,85,1,40,790.0,0,INS0000109667,12,0,Mar-12,0,1,0,DEFAULT,3.00000089999998e-14,0.99999999999997,DEFAULT
304963000000,15,4.25,332000,360,32,2,38,719.0,711,INS0000112627,0,0,Apr-12,1,0,0,NOT_DEFAULT,0.99999989999999,1.0000000994736e-07,NOT_DEFAULT
249141000000,8,4.625,205000,360,75,2,50,785.0,780,INS0000107369,0,0,May-12,0,0,1,DEFAULT,3.00000089999998e-14,0.99999999999997,DEFAULT
271804000000,8,4.5,121000,180,80,2,33,689.0,735,INS0000112606,0,0,Mar-12,1,0,0,NOT_DEFAULT,0.99999989999999,1.0000000994736e-07,NOT_DEFAULT
564696000000,8,5.125,38000,360,80,2,25,793.0,801,INS0000112335,0,0,Apr-12,0,0,1,DEFAULT,0.99999989999999,1.0000000994736e-07,DEFAULT
288697000000,8,3.875,96000,180,80,2,33,683.0,697,INS0000114833,0,0,Apr-12,0,1,0,DEFAULT,0.99999989999999,1.0000000994736e-07,DEFAULT
559794000000,1,4.5,93000,360,49,1,28,691.0,0,INS0000115487,0,0,Mar-12,1,0,0,DEFAULT,0.99999989999999,1.0000000994736e-07,DEFAULT
343363000000,1,4.75,159000,360,80,1,40,765.0,0,INS0000113520,0,0,Mar-12,0,0,1,DEFAULT,0.99999989999999,1.0000000994736e-07,DEFAULT
435037000000,15,4.0,230000,360,95,2,25,800.0,800,INS0000107277,30,0,Apr-12,0,0,1,DEFAULT,3.00000089999998e-14,0.99999999999997,DEFAULT
808917000000,14,3.875,236000,180,66,2,14,795.0,753,INS0000112631,0,0,Mar-12,1,0,0,DEFAULT,3.00000089999998e-14,0.99999999999997,DEFAULT
918878000000,8,4.0,301000,360,80,1,44,800.0,0,INS0000112296,0,0,Apr-12,0,1,0,NOT_DEFAULT,0.99999989999999,1.0000000994736e-07,NOT_DEFAULT
406750000000,1,4.75,111000,360,75,2,41,805.0,808,INS0000106386,0,0,Mar-12,0,1,0,NOT_DEFAULT,0.99999989999999,1.0000000994736e-07,NOT_DEFAULT
656313000000,8,3.875,157000,360,30,2,18,782.0,769,INS0000110744,0,0,Mar-12,1,0,0,NOT_DEFAULT,0.99999989999999,1.0000000994736e-07,NOT_DEFAULT
596125000000,8,3.25,224000,180,80,2,19,819.0,818,INS0000110081,0,0,Apr-12,0,1,0,DEFAULT,3.00000089999998e-14,0.99999999999997,DEFAULT
467872000000,8,3.875,120000,360,80,1,32,743.0,0,INS0000115312,0,0,Apr-12,0,0,1,NOT_DEFAULT,0.99999989999999,1.0000000994736e-07,NOT_DEFAULT
948303000000,0,4.125,134000,360,71,1,41,781.0,0,INS0000107213,0,0,Mar-12,0,1,0,NOT_DEFAULT,0.99999989999999,1.0000000994736e-07,NOT_DEFAULT
238868000000,1,4.5,305000,360,74,2,12,812.0,780,INS0000113868,0,0,Mar-12,1,0,0,NOT_DEFAULT,0.99999989999999,1.0000000994736e-07,NOT_DEFAULT
311015000000,11,2.875,417000,180,78,1,21,786.0,0,INS0000115482,0,0,Mar-12,0,0,1,NOT_DEFAULT,0.99999989999999,1.0000000994736e-07,NOT_DEFAULT
300593000000,8,3.75,194000,360,23,2,39,775.0,781,INS0000108126,0,0,Mar-12,1,0,0,NOT_DEFAULT,0.99999989999999,1.0000000994736e-07,NOT_DEFAULT
107282000000,5,4.0,173000,360,80,1,34,818.0,0,INS0000113568,0,0,Mar-12,0,0,1,NOT_DEFAULT,0.99999989999999,1.0000000994736e-07,NOT_DEFAULT
471669000000,8,4.125,215000,360,86,1,17,797.0,0,INS0000108750,25,0,May-12,1,0,0,DEFAULT,3.00000089999998e-14,0.99999999999997,DEFAULT
853817000000,8,4.25,117000,360,69,1,18,789.0,0,INS0000107320,0,0,Mar-12,1,0,0,NOT_DEFAULT,0.99999989999999,1.0000000994736e-07,NOT_DEFAULT
493047000000,8,3.25,169000,180,79,2,36,710.0,689,INS0000109583,0,0,Apr-12,1,0,0,NOT_DEFAULT,0.99999989999999,1.0000000994736e-07,NOT_DEFAULT
601421000000,8,4.375,145000,360,80,2,39,801.0,782,INS0000109020,0,0,Apr-12,0,0,1,NOT_DEFAULT,0.99999989999999,1.0000000994736e-07,NOT_DEFAULT
403197000000,1,4.125,188000,360,95,1,45,740.0,0,INS0000106784,30,0,Mar-12,0,0,1,NOT_DEFAULT,0.99999989999999,1.0000000994736e-07,NOT_DEFAULT
311493000000,15,4.0,164000,360,95,1,43,767.0,0,INS0000114172,30,0,May-12,0,0,1,NOT_DEFAULT,0.99999989999999,1.0000000994736e-07,NOT_DEFAULT
990837000000,1,3.875,199000,360,80,1,43,748.0,0,INS0000114860,0,0,Apr-12,0,0,1,NOT_DEFAULT,0.99999989999999,1.0000000994736e-07,NOT_DEFAULT
811282000000,8,3.75,170000,360,77,2,16,791.0,801,INS0000113230,0,0,Apr-12,1,0,0,NOT_DEFAULT,0.99999989999999,1.0000000994736e-07,NOT_DEFAULT
665413000000,15,3.875,185000,360,26,2,42,814.0,752,INS0000108520,0,0,Mar-12,1,0,0,NOT_DEFAULT,0.99999989999999,1.0000000994736e-07,NOT_DEFAULT
978975000000,8,3.625,250000,240,45,1,43,781.0,0,INS0000113419,0,0,Mar-12,1,0,0,NOT_DEFAULT,0.99999989999999,1.0000000994736e-07,NOT_DEFAULT
966533000000,7,4.625,35000,360,75,2,48,767.0,770,INS0000109522,0,0,Mar-12,0,1,0,NOT_DEFAULT,0.99999989999999,1.0000000994736e-07,NOT_DEFAULT
152713000000,8,3.75,488000,360,75,2,33,812.0,801,INS0000110444,0,0,Apr-12,0,1,0,NOT_DEFAULT,0.99999989999999,1.0000000994736e-07,NOT_DEFAULT
563533000000,8,3.125,60000,180,52,1,23,794.0,0,INS0000106112,0,0,Mar-12,1,0,0,NOT_DEFAULT,0.99999989999999,1.0000000994736e-07,NOT_DEFAULT
196811000000,8,3.75,238000,360,80,1,29,788.0,0,INS0000109530,0,0,Apr-12,1,0,0,NOT_DEFAULT,0.99999989999999,1.0000000994736e-07,NOT_DEFAULT
356833000000,6,3.99,291000,360,80,1,39,773.0,0,INS0000115498,0,0,Apr-12,1,0,0,NOT_DEFAULT,0.99999989999999,1.0000000994736e-07,NOT_DEFAULT
655481000000,5,3.33,175000,180,40,2,31,751.0,760,INS0000108098,0,0,Mar-12,1,0,0,NOT_DEFAULT,0.99999989999999,1.0000000994736e-07,NOT_DEFAULT
725789000000,8,3.875,88000,360,63,2,26,783.0,783,INS0000110705,0,0,May-12,1,0,0,NOT_DEFAULT,0.99999989999999,1.0000000994736e-07,NOT_DEFAULT
475004000000,12,3.875,260000,360,73,2,39,790.0,787,INS0000113613,0,0,Apr-12,1,0,0,NOT_DEFAULT,0.99999989999999,1.0000000994736e-07,NOT_DEFAULT
906149000000,1,3.375,70000,180,50,2,32,792.0,800,INS0000114395,0,0,Mar-12,0,1,0,NOT_DEFAULT,0.99999989999999,1.0000000994736e-07,NOT_DEFAULT
675423000000,8,3.125,147000,180,36,2,10,809.0,807,INS0000115147,0,0,Mar-12,0,1,0,NOT_DEFAULT,0.99999989999999,1.0000000994736e-07,NOT_DEFAULT
975522000000,1,3.5,166000,180,80,2,23,813.0,819,INS0000107083,0,0,Mar-12,0,1,0,NOT_DEFAULT,0.99999989999999,1.0000000994736e-07,NOT_DEFAULT
509201000000,4,3.5,208000,180,80,1,42,657.0,0,INS0000110972,0,0,Apr-12,1,0,0,DEFAULT,3.00000089999998e-14,0.99999999999997,DEFAULT
809730000000,1,4.0,271000,360,95,1,36,790.0,0,INS0000115005,30,0,Apr-12,0,0,1,NOT_DEFAULT,0.99999989999999,1.0000000994736e-07,NOT_DEFAULT
213034000000,14,3.375,158000,180,42,2,16,769.0,729,INS0000106820,0,0,Mar-12,1,0,0,NOT_DEFAULT,0.99999989999999,1.0000000994736e-07,NOT_DEFAULT
913763000000,8,4.375,155000,360,75,1,45,784.0,0,INS0000106070,0,0,Apr-12,0,0,1,NOT_DEFAULT,0.99999989999999,1.0000000994736e-07,NOT_DEFAULT
775597000000,1,3.875,417000,240,28,2,32,791.0,734,INS0000111672,0,0,Mar-12,0,1,0,NOT_DEFAULT,0.99999989999999,1.0000000994736e-07,NOT_DEFAULT
124399000000,8,3.875,85000,180,35,2,39,663.0,713,INS0000110453,0,0,Apr-12,0,1,0,NOT_DEFAULT,0.99999989999999,1.0000000994736e-07,NOT_DEFAULT
998836000000,8,4.125,98000,360,80,1,20,796.0,0,INS0000113182,0,0,Apr-12,0,0,1,NOT_DEFAULT,0.99999989999999,1.0000000994736e-07,NOT_DEFAULT
223840000000,1,3.25,147000,120,76,1,22,766.0,0,INS0000113660,0,0,Apr-12,1,0,0,NOT_DEFAULT,0.99999989999999,1.0000000994736e-07,NOT_DEFAULT
944976000000,9,3.875,216000,360,80,2,31,727.0,769,INS0000114602,0,0,Apr-12,1,0,0,DEFAULT,3.00000089999998e-14,0.99999999999997,DEFAULT
387526000000,8,4.0,417000,360,50,1,32,755.0,0,INS0000110314,0,0,Apr-12,1,0,0,NOT_DEFAULT,0.99999989999999,1.0000000994736e-07,NOT_DEFAULT
717842000000,8,4.0,387000,360,71,1,44,803.0,0,INS0000110460,0,0,Mar-12,1,0,0,NOT_DEFAULT,0.99999989999999,1.0000000994736e-07,NOT_DEFAULT
975654000000,8,3.875,125000,180,52,2,47,778.0,739,INS0000107221,0,0,Apr-12,1,0,0,NOT_DEFAULT,0.99999989999999,1.0000000994736e-07,NOT_DEFAULT
712011000000,7,4.125,115000,180,95,1,17,820.0,0,INS0000116020,25,0,Mar-12,1,0,0,NOT_DEFAULT,0.99999989999999,1.0000000994736e-07,NOT_DEFAULT
343847000000,8,3.75,240000,180,80,1,42,780.0,0,INS0000107585,0,0,Apr-12,0,0,1,NOT_DEFAULT,0.99999989999999,1.0000000994736e-07,NOT_DEFAULT
692884000000,15,3.875,383000,180,56,2,35,715.0,788,INS0000110132,0,0,Apr-12,1,0,0,NOT_DEFAULT,0.99999989999999,1.0000000994736e-07,NOT_DEFAULT
662353000000,8,3.875,68000,180,63,2,34,765.0,819,INS0000110965,0,0,May-12,1,0,0,NOT_DEFAULT,0.99999989999999,1.0000000994736e-07,NOT_DEFAULT
537164000000,15,3.875,112000,180,50,2,20,714.0,717,INS0000106371,0,0,Apr-12,1,0,0,NOT_DEFAULT,0.99999989999999,1.0000000994736e-07,NOT_DEFAULT
675135000000,8,4.25,260000,360,80,2,44,766.0,733,INS0000108577,0,0,Mar-12,0,0,1,NOT_DEFAULT,0.99999989999999,1.0000000994736e-07,NOT_DEFAULT
824577000000,1,4.125,242000,360,79,1,25,811.0,0,INS0000109749,0,0,Apr-12,1,0,0,NOT_DEFAULT,0.99999989999999,1.0000000994736e-07,NOT_DEFAULT
406421000000,5,3.54,342000,180,55,2,28,792.0,789,INS0000107972,0,0,Mar-12,1,0,0,NOT_DEFAULT,0.99999989999999,1.0000000994736e-07,NOT_DEFAULT
998329000000,15,3.875,245000,180,70,1,36,783.0,0,INS0000113293,0,0,Apr-12,0,1,0,NOT_DEFAULT,0.99999989999999,1.0000000994736e-07,NOT_DEFAULT
249615000000,16,4.0,171000,360,85,1,21,793.0,0,INS0000106799,12,0,Mar-12,0,1,0,NOT_DEFAULT,0.99999989999999,1.0000000994736e-07,NOT_DEFAULT
182289000000,8,3.625,160000,360,75,1,35,685.0,0,INS0000112126,0,0,Apr-12,1,0,0,NOT_DEFAULT,0.99999989999999,1.0000000994736e-07,NOT_DEFAULT
682701000000,8,4.625,69000,360,29,1,48,779.0,0,INS0000108368,0,0,Mar-12,1,0,0,NOT_DEFAULT,0.99999989999999,1.0000000994736e-07,NOT_DEFAULT
799385000000,1,4.25,256000,360,80,2,50,763.0,756,INS0000108751,0,0,Mar-12,0,0,1,NOT_DEFAULT,0.99999989999999,1.0000000994736e-07,NOT_DEFAULT
953860000000,8,3.875,193000,360,72,2,19,795.0,775,INS0000114018,0,0,Apr-12,0,1,0,NOT_DEFAULT,0.99999989999999,1.0000000994736e-07,NOT_DEFAULT
565966000000,15,4.125,210000,360,80,1,33,748.0,0,INS0000107687,0,0,Apr-12,0,0,1,DEFAULT,3.00000089999998e-14,0.99999999999997,DEFAULT
332287000000,8,4.125,150000,360,77,1,26,796.0,0,INS0000112888,0,0,May-12,1,0,0,NOT_DEFAULT,0.99999989999999,1.0000000994736e-07,NOT_DEFAULT
639818000000,8,3.625,125000,120,48,2,30,789.0,795,INS0000108894,0,0,Mar-12,1,0,0,NOT_DEFAULT,0.99999989999999,1.0000000994736e-07,NOT_DEFAULT
173892000000,15,3.5,385000,180,45,2,36,812.0,812,INS0000115168,0,0,May-12,1,0,0,NOT_DEFAULT,0.99999989999999,1.0000000994736e-07,NOT_DEFAULT
778767000000,8,3.375,132000,180,49,2,11,722.0,803,INS0000112884,0,0,Apr-12,0,1,0,NOT_DEFAULT,0.99999989999999,1.0000000994736e-07,NOT_DEFAULT
571691000000,4,4.0,398000,360,57,2,17,783.0,790,INS0000112829,0,0,Apr-12,1,0,0,NOT_DEFAULT,0.99999989999999,1.0000000994736e-07,NOT_DEFAULT
376829000000,8,3.375,108000,180,80,2,29,806.0,757,INS0000110181,0,0,Mar-12,0,0,1,NOT_DEFAULT,0.99999989999999,1.0000000994736e-07,NOT_DEFAULT
645922000000,1,4.125,213000,360,76,1,44,726.0,0,INS0000106542,0,0,Apr-12,0,1,0,DEFAULT,3.00000089999998e-14,0.99999999999997,DEFAULT
123608000000,8,4.25,55000,360,58,1,27,765.0,0,INS0000106981,0,0,Mar-12,0,0,1,NOT_DEFAULT,0.99999989999999,1.0000000994736e-07,NOT_DEFAULT
899812000000,8,2.875,195000,180,57,1,31,797.0,0,INS0000112227,0,0,Apr-12,0,0,1,NOT_DEFAULT,0.99999989999999,1.0000000994736e-07,NOT_DEFAULT
749517000000,8,4.0,417000,360,74,2,29,765.0,763,INS0000111091,0,0,Apr-12,0,1,0,NOT_DEFAULT,0.99999989999999,1.0000000994736e-07,NOT_DEFAULT
919803000000,15,4.5,127000,360,69,1,21,804.0,0,INS0000110938,0,0,Mar-12,0,1,0,NOT_DEFAULT,0.99999989999999,1.0000000994736e-07,NOT_DEFAULT
440845000000,8,3.875,220000,360,80,2,33,794.0,722,INS0000113907,0,0,Apr-12,0,0,1,DEFAULT,3.00000089999998e-14,0.99999999999997,DEFAULT
721265000000,8,3.375,121000,180,54,2,27,801.0,780,INS0000107161,0,0,Mar-12,0,1,0,NOT_DEFAULT,0.99999989999999,1.0000000994736e-07,NOT_DEFAULT
336772000000,1,4.125,265000,180,20,2,36,799.0,799,INS0000110355,0,0,Apr-12,1,0,0,NOT_DEFAULT,0.99999989999999,1.0000000994736e-07,NOT_DEFAULT
124599000000,8,3.75,91000,180,66,1,39,823.0,0,INS0000108468,0,0,May-12,1,0,0,NOT_DEFAULT,0.99999989999999,1.0000000994736e-07,NOT_DEFAULT
120045000000,8,4.0,119000,360,65,1,25,801.0,0,INS0000109226,0,0,Mar-12,1,0,0,NOT_DEFAULT,0.99999989999999,1.0000000994736e-07,NOT_DEFAULT
623824000000,8,3.25,172000,180,80,2,27,774.0,732,INS0000115240,0,0,Apr-12,0,0,1,NOT_DEFAULT,0.99999989999999,1.0000000994736e-07,NOT_DEFAULT
371948000000,8,3.25,60000,120,48,2,31,786.0,774,INS0000108031,0,0,Mar-12,0,1,0,NOT_DEFAULT,0.99999989999999,1.0000000994736e-07,NOT_DEFAULT
630091000000,8,3.25,136000,180,66,2,29,793.0,785,INS0000114799,0,0,Mar-12,1,0,0,NOT_DEFAULT,0.99999989999999,1.0000000994736e-07,NOT_DEFAULT
503331000000,7,3.875,390000,360,73,1,26,757.0,0,INS0000112598,0,0,Apr-12,1,0,0,NOT_DEFAULT,0.99999989999999,1.0000000994736e-07,NOT_DEFAULT
540517000000,1,4.5,144000,360,80,2,25,722.0,731,INS0000108294,0,0,Apr-12,0,1,0,NOT_DEFAULT,0.99999989999999,1.0000000994736e-07,NOT_DEFAULT
169987000000,8,4.0,228000,360,80,1,40,777.0,0,INS0000105940,0,0,Apr-12,1,0,0,DEFAULT,3.00000089999998e-14,0.99999999999997,DEFAULT
987494000000,4,4.0,545000,180,46,1,28,808.0,0,INS0000106271,0,0,Mar-12,1,0,0,NOT_DEFAULT,0.99999989999999,1.0000000994736e-07,NOT_DEFAULT
935980000000,1,4.25,469000,180,75,2,40,812.0,733,INS0000110970,0,0,Apr-12,1,0,0,NOT_DEFAULT,0.99999989999999,1.0000000994736e-07,NOT_DEFAULT
414562000000,1,4.375,296000,360,80,1,39,747.0,0,INS0000108229,0,0,Mar-12,1,0,0,NOT_DEFAULT,0.99999989999999,1.0000000994736e-07,NOT_DEFAULT
185394000000,8,4.875,412000,360,75,2,44,693.0,804,INS0000112535,0,0,Mar-12,0,0,1,NOT_DEFAULT,0.99999989999999,1.0000000994736e-07,NOT_DEFAULT
541647000000,15,3.25,417000,180,58,1,14,797.0,0,INS0000115359,0,0,Mar-12,1,0,0,NOT_DEFAULT,0.99999989999999,1.0000000994736e-07,NOT_DEFAULT
777095000000,16,4.115,235000,360,74,2,26,806.0,792,INS0000115034,0,0,Apr-12,0,1,0,DEFAULT,3.00000089999998e-14,0.99999999999997,DEFAULT
638727000000,1,3.25,109000,120,49,1,35,809.0,0,INS0000112893,0,0,Apr-12,0,1,0,NOT_DEFAULT,0.99999989999999,1.0000000994736e-07,NOT_DEFAULT
347674000000,8,3.5,125000,120,74,2,32,807.0,800,INS0000113347,0,0,Apr-12,0,1,0,NOT_DEFAULT,0.99999989999999,1.0000000994736e-07,NOT_DEFAULT
817613000000,8,4.25,155000,360,75,1,36,721.0,0,INS0000114361,0,0,Mar-12,0,1,0,NOT_DEFAULT,0.99999989999999,1.0000000994736e-07,NOT_DEFAULT
760673000000,1,4.0,49000,360,53,1,44,685.0,0,INS0000112824,0,0,Apr-12,0,1,0,NOT_DEFAULT,0.99999989999999,1.0000000994736e-07,NOT_DEFAULT
575743000000,8,3.875,125000,360,42,1,30,806.0,0,INS0000108496,0,0,Apr-12,0,1,0,NOT_DEFAULT,0.99999989999999,1.0000000994736e-07,NOT_DEFAULT
410050000000,4,3.99,231000,240,70,2,42,713.0,697,INS0000106895,0,0,Apr-12,1,0,0,DEFAULT,3.00000089999998e-14,0.99999999999997,DEFAULT
665770000000,8,3.625,164000,360,47,2,43,799.0,816,INS0000107343,0,0,May-12,1,0,0,NOT_DEFAULT,0.99999989999999,1.0000000994736e-07,NOT_DEFAULT
441051000000,1,3.0,169000,180,64,2,24,816.0,816,INS0000111995,0,0,Apr-12,1,0,0,NOT_DEFAULT,0.99999989999999,1.0000000994736e-07,NOT_DEFAULT
253120000000,8,3.625,96000,180,74,2,29,794.0,747,INS0000109644,0,0,Mar-12,0,1,0,NOT_DEFAULT,0.99999989999999,1.0000000994736e-07,NOT_DEFAULT
343314000000,8,4.0,60000,240,80,1,19,798.0,0,INS0000107906,0,0,Mar-12,0,0,1,NOT_DEFAULT,0.99999989999999,1.0000000994736e-07,NOT_DEFAULT
393087000000,8,4.75,140000,360,70,2,30,786.0,770,INS0000114096,0,0,Apr-12,1,0,0,NOT_DEFAULT,0.99999989999999,1.0000000994736e-07,NOT_DEFAULT
754128000000,7,3.75,274000,336,44,1,33,814.0,0,INS0000107914,0,0,Mar-12,1,0,0,NOT_DEFAULT,0.99999989999999,1.0000000994736e-07,NOT_DEFAULT
224128000000,8,4.25,89000,120,19,1,24,812.0,0,INS0000107721,0,0,Mar-12,1,0,0,NOT_DEFAULT,0.99999989999999,1.0000000994736e-07,NOT_DEFAULT
697301000000,8,5.125,136000,360,85,1,42,719.0,0,INS0000114410,12,0,Mar-12,0,0,1,NOT_DEFAULT,0.99999989999999,1.0000000994736e-07,NOT_DEFAULT
139690000000,1,4.625,78000,360,37,1,29,783.0,0,INS0000111043,0,0,Apr-12,1,0,0,NOT_DEFAULT,0.99999989999999,1.0000000994736e-07,NOT_DEFAULT
558036000000,7,3.875,101000,180,93,2,39,686.0,676,INS0000107191,25,0,Mar-12,1,0,0,NOT_DEFAULT,0.99999989999999,1.0000000994736e-07,NOT_DEFAULT
879564000000,1,3.875,200000,360,72,2,46,803.0,802,INS0000110036,0,0,Apr-12,0,0,1,NOT_DEFAULT,0.99999989999999,1.0000000994736e-07,NOT_DEFAULT
554167000000,1,3.875,265000,360,73,2,21,787.0,761,INS0000106383,0,0,Apr-12,1,0,0,NOT_DEFAULT,0.99999989999999,1.0000000994736e-07,NOT_DEFAULT
676833000000,8,4.375,364000,360,40,2,50,751.0,741,INS0000106658,0,0,Apr-12,0,1,0,NOT_DEFAULT,0.99999989999999,1.0000000994736e-07,NOT_DEFAULT
423884000000,1,3.875,119000,360,48,1,27,811.0,0,INS0000113090,0,0,Mar-12,1,0,0,NOT_DEFAULT,0.99999989999999,1.0000000994736e-07,NOT_DEFAULT
684591000000,1,3.875,243000,360,90,1,45,814.0,0,INS0000110699,25,0,Apr-12,0,0,1,NOT_DEFAULT,0.99999989999999,1.0000000994736e-07,NOT_DEFAULT
768403000000,8,4.125,201000,360,76,1,28,819.0,0,INS0000113789,0,0,Mar-12,1,0,0,NOT_DEFAULT,0.070644284330478,0.929355715669522,NOT_DEFAULT
107486000000,8,3.875,212000,360,54,2,44,794.0,801,INS0000110544,0,0,May-12,0,1,0,DEFAULT,3.00000089999998e-14,0.99999999999997,DEFAULT
172385000000,3,4.125,128000,360,70,1,33,794.0,0,INS0000106251,0,0,Mar-12,0,0,1,NOT_DEFAULT,0.99999989999999,1.0000000994736e-07,NOT_DEFAULT
250531000000,8,3.375,186000,180,72,2,30,783.0,786,INS0000110470,0,0,Mar-12,1,0,0,NOT_DEFAULT,0.99999989999999,1.0000000994736e-07,NOT_DEFAULT
708846000000,8,4.25,141000,360,47,1,21,740.0,0,INS0000113461,0,0,Mar-12,0,1,0,NOT_DEFAULT,0.99999989999999,1.0000000994736e-07,NOT_DEFAULT
420396000000,6,3.99,417000,264,78,1,43,727.0,0,INS0000112950,0,0,Apr-12,0,1,0,NOT_DEFAULT,0.99999989999999,1.0000000994736e-07,NOT_DEFAULT
848622000000,8,3.75,98000,180,86,2,31,732.0,785,INS0000107964,12,0,Mar-12,0,0,1,NOT_DEFAULT,0.99999989999999,1.0000000994736e-07,NOT_DEFAULT
462236000000,8,4.0,88000,360,80,1,15,781.0,0,INS0000106935,0,0,Mar-12,0,0,1,NOT_DEFAULT,0.99999989999999,1.0000000994736e-07,NOT_DEFAULT
631918000000,5,4.3,137000,360,95,1,23,681.0,0,INS0000108424,30,0,Mar-12,0,0,1,NOT_DEFAULT,0.99999989999999,1.0000000994736e-07,NOT_DEFAULT
131282000000,8,3.375,96000,180,80,2,23,674.0,724,INS0000114198,0,0,Mar-12,0,1,0,NOT_DEFAULT,0.99999989999999,1.0000000994736e-07,NOT_DEFAULT
561467000000,8,4.375,404000,360,80,2,26,787.0,790,INS0000114447,0,0,Mar-12,0,1,0,NOT_DEFAULT,0.99999989999999,1.0000000994736e-07,NOT_DEFAULT
152689000000,8,3.25,78000,120,56,1,15,781.0,0,INS0000110830,0,0,Mar-12,1,0,0,NOT_DEFAULT,0.99999989999999,1.0000000994736e-07,NOT_DEFAULT
462108000000,8,3.875,100000,240,49,2,34,814.0,816,INS0000114210,0,0,Mar-12,1,0,0,NOT_DEFAULT,0.99999989999999,1.0000000994736e-07,NOT_DEFAULT
147663000000,16,4.125,613000,360,70,1,30,789.0,0,INS0000107965,0,0,Apr-12,1,0,0,NOT_DEFAULT,0.99999989999999,1.0000000994736e-07,NOT_DEFAULT
290139000000,1,3.875,122000,360,95,1,32,751.0,0,INS0000109246,30,0,Mar-12,0,0,1,NOT_DEFAULT,0.99999989999999,1.0000000994736e-07,NOT_DEFAULT
569918000000,8,3.25,53000,180,22,2,16,781.0,800,INS0000115474,0,0,Apr-12,0,0,1,NOT_DEFAULT,0.99999989999999,1.0000000994736e-07,NOT_DEFAULT
265102000000,8,3.75,337000,360,80,2,28,790.0,797,INS0000110752,0,0,Apr-12,0,1,0,NOT_DEFAULT,0.99999989999999,1.0000000994736e-07,NOT_DEFAULT
839393000000,3,3.75,150000,180,77,2,27,698.0,665,INS0000110267,0,0,Mar-12,0,1,0,NOT_DEFAULT,0.99999989999999,1.0000000994736e-07,NOT_DEFAULT
559006000000,15,3.875,222000,360,68,2,34,781.0,810,INS0000115085,0,0,Mar-12,1,0,0,DEFAULT,3.00000089999998e-14,0.99999999999997,DEFAULT
123891000000,8,3.875,124000,360,35,2,38,812.0,811,INS0000107066,0,0,Apr-12,1,0,0,NOT_DEFAULT,0.99999989999999,1.0000000994736e-07,NOT_DEFAULT
384234000000,8,3.875,116000,360,63,1,25,796.0,0,INS0000113178,0,0,Mar-12,0,1,0,NOT_DEFAULT,0.99999989999999,1.0000000994736e-07,NOT_DEFAULT
914770000000,8,4.375,380000,360,80,2,20,772.0,701,INS0000106304,0,0,Feb-12,0,0,1,NOT_DEFAULT,0.99999989999999,1.0000000994736e-07,NOT_DEFAULT
129479000000,8,3.875,80000,180,68,2,41,769.0,799,INS0000109630,0,0,Mar-12,0,1,0,NOT_DEFAULT,0.99999989999999,1.0000000994736e-07,NOT_DEFAULT
114695000000,8,4.0,135000,360,80,2,18,779.0,764,INS0000114117,0,0,Apr-12,1,0,0,NOT_DEFAULT,0.99999989999999,1.0000000994736e-07,NOT_DEFAULT
409391000000,8,4.125,148000,360,80,1,15,769.0,0,INS0000112193,0,0,Mar-12,0,0,1,NOT_DEFAULT,0.99999989999999,1.0000000994736e-07,NOT_DEFAULT
199748000000,8,3.875,250000,360,84,2,23,797.0,797,INS0000107366,12,0,Apr-12,1,0,0,NOT_DEFAULT,0.99999989999999,1.0000000994736e-07,NOT_DEFAULT
357424000000,15,4.25,157000,360,44,2,7,763.0,738,INS0000108770,0,0,Apr-12,0,1,0,NOT_DEFAULT,0.99999989999999,1.0000000994736e-07,NOT_DEFAULT
183520000000,8,4.125,165000,360,75,2,43,741.0,748,INS0000111264,0,0,May-12,0,1,0,NOT_DEFAULT,0.99999989999999,1.0000000994736e-07,NOT_DEFAULT
177749000000,8,3.875,304000,360,69,2,15,815.0,806,INS0000109237,0,0,Apr-12,1,0,0,NOT_DEFAULT,0.99999989999999,1.0000000994736e-07,NOT_DEFAULT
891564000000,8,3.75,185000,360,95,1,40,791.0,0,INS0000107193,30,0,Mar-12,0,0,1,NOT_DEFAULT,0.99999989999999,1.0000000994736e-07,NOT_DEFAULT
732888000000,8,3.75,160000,180,66,1,42,750.0,0,INS0000106465,0,0,Mar-12,0,1,0,NOT_DEFAULT,0.99999989999999,1.0000000994736e-07,NOT_DEFAULT
584020000000,8,3.25,100000,180,80,1,32,767.0,0,INS0000110001,0,0,Apr-12,1,0,0,NOT_DEFAULT,0.99999989999999,1.0000000994736e-07,NOT_DEFAULT
602825000000,1,3.875,215000,360,78,1,26,802.0,0,INS0000114505,0,0,Mar-12,1,0,0,DEFAULT,3.00000089999998e-14,0.99999999999997,DEFAULT
211123000000,8,4.25,168000,360,80,1,30,756.0,0,INS0000110294,0,0,Mar-12,0,0,1,NOT_DEFAULT,0.99999989999999,1.0000000994736e-07,NOT_DEFAULT
995762000000,6,3.5,240000,180,77,2,24,709.0,746,INS0000113731,0,0,Apr-12,1,0,0,NOT_DEFAULT,0.99999989999999,1.0000000994736e-07,NOT_DEFAULT
981633000000,1,3.625,67000,180,76,2,25,816.0,819,INS0000106126,0,0,Mar-12,1,0,0,NOT_DEFAULT,0.99999989999999,1.0000000994736e-07,NOT_DEFAULT
727017000000,12,4.0,255000,360,48,1,22,805.0,0,INS0000114820,0,0,Apr-12,1,0,0,NOT_DEFAULT,0.99999989999999,1.0000000994736e-07,NOT_DEFAULT
259934000000,8,3.75,261000,360,74,2,16,805.0,809,INS0000112140,0,0,May-12,1,0,0,NOT_DEFAULT,0.99999989999999,1.0000000994736e-07,NOT_DEFAULT
489576000000,8,3.875,200000,360,67,1,42,782.0,0,INS0000114053,0,0,Mar-12,0,0,1,NOT_DEFAULT,0.99999989999999,1.0000000994736e-07,NOT_DEFAULT
831776000000,1,3.75,200000,360,80,2,23,776.0,780,INS0000110235,0,0,Mar-12,0,0,1,NOT_DEFAULT,0.99999989999999,1.0000000994736e-07,NOT_DEFAULT
627931000000,15,3.25,185000,180,49,2,9,791.0,792,INS0000107336,0,0,Apr-12,0,1,0,NOT_DEFAULT,0.99999989999999,1.0000000994736e-07,NOT_DEFAULT
838573000000,15,4.625,88000,360,80,2,43,782.0,800,INS0000115228,0,0,Mar-12,0,0,1,NOT_DEFAULT,0.99999989999999,1.0000000994736e-07,NOT_DEFAULT
221812000000,17,3.75,229000,240,71,2,23,760.0,757,INS0000111858,0,0,May-12,1,0,0,DEFAULT,3.00000089999998e-14,0.99999999999997,DEFAULT
559931000000,4,3.875,219000,360,95,2,37,802.0,694,INS0000108498,30,0,Apr-12,0,0,1,DEFAULT,3.00000089999998e-14,0.99999999999997,DEFAULT
271732000000,1,3.875,244000,360,80,2,50,768.0,768,INS0000112464,0,0,Mar-12,0,0,1,NOT_DEFAULT,0.99999989999999,1.0000000994736e-07,NOT_DEFAULT
253267000000,8,4.5,77000,240,65,2,42,756.0,678,INS0000114503,0,0,Mar-12,0,1,0,NOT_DEFAULT,0.99999989999999,1.0000000994736e-07,NOT_DEFAULT
119881000000,8,3.875,38000,240,35,1,28,805.0,0,INS0000116035,0,0,Mar-12,1,0,0,NOT_DEFAULT,0.99999989999999,1.0000000994736e-07,NOT_DEFAULT
362400000000,1,3.25,148000,180,43,2,35,777.0,796,INS0000108686,0,0,Apr-12,1,0,0,NOT_DEFAULT,0.99999989999999,1.0000000994736e-07,NOT_DEFAULT
269747000000,8,4.5,74000,360,75,1,25,789.0,0,INS0000111981,0,0,Mar-12,0,0,1,NOT_DEFAULT,0.99999989999999,1.0000000994736e-07,NOT_DEFAULT
307299000000,8,3.875,150000,360,47,1,37,806.0,0,INS0000109008,0,0,May-12,1,0,0,NOT_DEFAULT,0.99999989999999,1.0000000994736e-07,NOT_DEFAULT
718630000000,8,4.25,568000,360,69,2,34,760.0,760,INS0000106057,0,0,May-12,1,0,0,NOT_DEFAULT,0.99999989999999,1.0000000994736e-07,NOT_DEFAULT
968385000000,8,4.0,105000,360,79,1,29,806.0,0,INS0000114960,0,0,Feb-12,1,0,0,NOT_DEFAULT,0.99999989999999,1.0000000994736e-07,NOT_DEFAULT
778826000000,8,3.75,405000,360,53,2,34,793.0,782,INS0000111765,0,0,Apr-12,1,0,0,NOT_DEFAULT,0.99999989999999,1.0000000994736e-07,NOT_DEFAULT
550675000000,8,3.75,260000,360,80,2,44,749.0,780,INS0000109241,0,0,May-12,0,1,0,NOT_DEFAULT,0.99999989999999,1.0000000994736e-07,NOT_DEFAULT
236580000000,12,3.875,261000,360,78,1,28,752.0,0,INS0000110918,0,0,Apr-12,1,0,0,NOT_DEFAULT,0.99999989999999,1.0000000994736e-07,NOT_DEFAULT
911995000000,8,3.625,166000,240,77,2,26,775.0,802,INS0000112713,0,0,Apr-12,0,1,0,NOT_DEFAULT,0.99999989999999,1.0000000994736e-07,NOT_DEFAULT
232188000000,1,3.875,340000,360,36,2,40,805.0,805,INS0000109553,0,0,Apr-12,1,0,0,NOT_DEFAULT,0.99999989999999,1.0000000994736e-07,NOT_DEFAULT
904473000000,1,3.875,323000,360,68,1,44,738.0,0,INS0000106842,0,0,Apr-12,1,0,0,NOT_DEFAULT,0.99999989999999,1.0000000994736e-07,NOT_DEFAULT
636959000000,3,3.25,417000,120,42,2,26,703.0,718,INS0000113587,0,0,Apr-12,0,1,0,NOT_DEFAULT,0.99999989999999,1.0000000994736e-07,NOT_DEFAULT
790119000000,8,4.125,122000,360,95,2,26,793.0,800,INS0000114253,30,0,Apr-12,1,0,0,NOT_DEFAULT,0.99999989999999,1.0000000994736e-07,NOT_DEFAULT
524470000000,1,4.5,132000,360,77,1,35,795.0,0,INS0000108456,0,0,Mar-12,0,1,0,NOT_DEFAULT,0.99999989999999,1.0000000994736e-07,NOT_DEFAULT
684157000000,1,4.875,69000,360,74,1,44,663.0,0,INS0000112050,0,0,Mar-12,0,0,1,NOT_DEFAULT,0.99999989999999,1.0000000994736e-07,NOT_DEFAULT
616132000000,1,3.875,367000,360,61,1,27,795.0,0,INS0000107924,0,0,Apr-12,1,0,0,NOT_DEFAULT,0.99999989999999,1.0000000994736e-07,NOT_DEFAULT
795762000000,8,4.25,160000,360,80,2,30,797.0,807,INS0000115216,0,0,Mar-12,0,1,0,NOT_DEFAULT,0.99999989999999,1.0000000994736e-07,NOT_DEFAULT
277848000000,8,4.0,308000,360,74,2,14,811.0,811,INS0000112725,0,0,May-12,0,1,0,NOT_DEFAULT,0.99999989999999,1.0000000994736e-07,NOT_DEFAULT
674002000000,1,4.0,97000,360,90,2,29,781.0,701,INS0000115980,25,0,Apr-12,0,0,1,NOT_DEFAULT,0.99999989999999,1.0000000994736e-07,NOT_DEFAULT
723230000000,8,4.0,271000,360,47,2,46,789.0,809,INS0000111993,0,0,Mar-12,1,0,0,NOT_DEFAULT,0.99999989999999,1.0000000994736e-07,NOT_DEFAULT
874008000000,1,4.0,384000,360,80,2,40,763.0,747,INS0000114963,0,0,Apr-12,0,0,1,NOT_DEFAULT,0.99999989999999,1.0000000994736e-07,NOT_DEFAULT
365430000000,8,3.0,136000,180,80,2,36,754.0,775,INS0000110832,0,0,Mar-12,0,1,0,NOT_DEFAULT,0.99999989999999,1.0000000994736e-07,NOT_DEFAULT
621725000000,13,3.0,241000,180,78,2,28,753.0,783,INS0000113609,0,0,Apr-12,1,0,0,NOT_DEFAULT,0.99999989999999,1.0000000994736e-07,NOT_DEFAULT
750150000000,8,4.0,118000,360,80,2,13,772.0,772,INS0000111557,0,0,Apr-12,0,0,1,NOT_DEFAULT,0.99999989999999,1.0000000994736e-07,NOT_DEFAULT
393767000000,8,4.5,528000,360,80,2,19,791.0,780,INS0000108574,0,0,May-12,0,0,1,NOT_DEFAULT,0.99999989999999,1.0000000994736e-07,NOT_DEFAULT
944803000000,1,3.875,414000,360,37,1,23,784.0,0,INS0000113063,0,0,Mar-12,1,0,0,NOT_DEFAULT,0.99999989999999,1.0000000994736e-07,NOT_DEFAULT
525748000000,8,4.375,72000,360,90,1,27,778.0,0,INS0000106040,25,0,Apr-12,0,0,1,NOT_DEFAULT,0.99999989999999,1.0000000994736e-07,NOT_DEFAULT
640309000000,1,4.5,164000,360,75,2,43,770.0,791,INS0000111036,0,0,Apr-12,0,0,1,NOT_DEFAULT,0.99999989999999,1.0000000994736e-07,NOT_DEFAULT
110721000000,1,5.0,144000,360,80,2,38,810.0,791,INS0000113855,0,0,Mar-12,0,0,1,NOT_DEFAULT,0.99999989999999,1.0000000994736e-07,NOT_DEFAULT
996986000000,3,3.5,417000,180,65,2,30,801.0,801,INS0000112607,0,0,Apr-12,0,0,1,NOT_DEFAULT,0.99999989999999,1.0000000994736e-07,NOT_DEFAULT
431657000000,15,4.75,222000,360,95,2,40,684.0,736,INS0000106892,30,0,Mar-12,0,0,1,DEFAULT,3.00000089999998e-14,0.99999999999997,DEFAULT
944397000000,1,3.875,69000,180,58,1,40,762.0,0,INS0000115776,0,0,Apr-12,1,0,0,DEFAULT,0.99999989999999,1.0000000994736e-07,DEFAULT
554413000000,12,3.875,575000,360,67,2,31,798.0,798,INS0000113989,0,0,Apr-12,1,0,0,DEFAULT,0.99999989999999,1.0000000994736e-07,DEFAULT
492307000000,1,4.125,103000,360,69,1,25,716.0,0,INS0000112726,0,0,Mar-12,1,0,0,DEFAULT,0.99999989999999,1.0000000994736e-07,DEFAULT
311488000000,1,4.375,124000,360,80,2,21,750.0,739,INS0000109808,0,0,Mar-12,0,1,0,DEFAULT,0.99999989999999,1.0000000994736e-07,DEFAULT
534098000000,2,3.0,224000,120,40,2,19,803.0,812,INS0000106329,0,0,Apr-12,1,0,0,DEFAULT,3.00000089999998e-14,0.99999999999997,DEFAULT
498316000000,15,3.875,400000,240,75,1,41,794.0,0,INS0000110180,0,0,Apr-12,0,1,0,NOT_DEFAULT,0.99999989999999,1.0000000994736e-07,NOT_DEFAULT
207124000000,8,4.25,115000,360,50,1,30,766.0,0,INS0000115207,0,0,Apr-12,0,1,0,NOT_DEFAULT,0.99999989999999,1.0000000994736e-07,NOT_DEFAULT
363222000000,8,4.25,400000,360,80,2,44,768.0,709,INS0000107834,0,0,Mar-12,0,0,1,NOT_DEFAULT,0.99999989999999,1.0000000994736e-07,NOT_DEFAULT
146774000000,1,3.875,333000,360,62,1,40,763.0,0,INS0000106755,0,0,Apr-12,1,0,0,NOT_DEFAULT,0.99999989999999,1.0000000994736e-07,NOT_DEFAULT
118572000000,1,4.5,368000,360,80,1,33,736.0,0,INS0000111204,0,0,Mar-12,1,0,0,NOT_DEFAULT,0.99999989999999,1.0000000994736e-07,NOT_DEFAULT
139152000000,8,3.25,168000,180,89,2,41,773.0,753,INS0000113439,12,0,Apr-12,1,0,0,NOT_DEFAULT,0.99999989999999,1.0000000994736e-07,NOT_DEFAULT
420862000000,8,4.0,328000,360,80,2,27,765.0,774,INS0000111737,0,0,May-12,0,1,0,NOT_DEFAULT,0.99999989999999,1.0000000994736e-07,NOT_DEFAULT
690327000000,8,4.25,399000,360,79,1,36,813.0,0,INS0000112975,0,0,Apr-12,1,0,0,NOT_DEFAULT,0.99999989999999,1.0000000994736e-07,NOT_DEFAULT
412761000000,8,3.875,123000,240,62,1,12,753.0,0,INS0000112485,0,0,Mar-12,0,1,0,NOT_DEFAULT,0.99999989999999,1.0000000994736e-07,NOT_DEFAULT
765495000000,8,4.0,100000,360,68,1,42,792.0,0,INS0000112706,0,0,May-12,1,0,0,NOT_DEFAULT,0.99999989999999,1.0000000994736e-07,NOT_DEFAULT
357055000000,15,3.875,157000,180,72,2,43,782.0,766,INS0000111582,0,0,Apr-12,0,1,0,NOT_DEFAULT,0.99999989999999,1.0000000994736e-07,NOT_DEFAULT
727623000000,1,3.375,116000,120,70,2,37,731.0,733,INS0000110414,0,0,Apr-12,0,1,0,NOT_DEFAULT,0.99999989999999,1.0000000994736e-07,NOT_DEFAULT
711202000000,1,3.25,100000,180,95,2,25,813.0,783,INS0000115378,25,0,Mar-12,0,0,1,NOT_DEFAULT,0.99999989999999,1.0000000994736e-07,NOT_DEFAULT
464408000000,8,3.25,225000,180,75,2,29,798.0,803,INS0000114851,0,0,Apr-12,0,1,0,NOT_DEFAULT,3.00000089999998e-14,0.99999999999997,NOT_DEFAULT
858901000000,7,4.0,290000,360,56,1,45,805.0,0,INS0000112393,0,0,Mar-12,0,0,1,NOT_DEFAULT,0.99999989999999,1.0000000994736e-07,NOT_DEFAULT
823438000000,1,3.125,225000,180,35,1,13,696.0,0,INS0000107268,0,0,Apr-12,0,1,0,DEFAULT,3.00000089999998e-14,0.99999999999997,DEFAULT
514257000000,5,3.625,211000,180,85,2,36,812.0,803,INS0000108677,6,0,Apr-12,0,1,0,DEFAULT,3.00000089999998e-14,0.99999999999997,DEFAULT
431784000000,8,3.75,105000,360,70,2,20,786.0,775,INS0000105948,0,0,May-12,0,1,0,NOT_DEFAULT,0.99999989999999,1.0000000994736e-07,NOT_DEFAULT
903768000000,1,4.125,335000,360,90,2,41,803.0,800,INS0000107317,25,0,Mar-12,1,0,0,NOT_DEFAULT,0.99999989999999,1.0000000994736e-07,NOT_DEFAULT
584590000000,15,4.25,166000,300,71,1,34,710.0,0,INS0000115951,0,0,Mar-12,0,1,0,NOT_DEFAULT,0.99999989999999,1.0000000994736e-07,NOT_DEFAULT
563537000000,1,4.0,214000,360,75,1,42,796.0,0,INS0000114596,0,0,Apr-12,0,0,1,DEFAULT,3.00000089999998e-14,0.99999999999997,DEFAULT
701166000000,7,3.375,126000,120,55,1,25,673.0,0,INS0000110128,0,0,Apr-12,0,1,0,NOT_DEFAULT,0.99999989999999,1.0000000994736e-07,NOT_DEFAULT
266584000000,1,4.0,225000,360,57,2,22,773.0,777,INS0000107762,0,0,Mar-12,0,0,1,DEFAULT,3.00000089999998e-14,0.99999999999997,DEFAULT
389280000000,1,4.125,285000,360,87,2,43,801.0,797,INS0000110211,25,0,Apr-12,0,0,1,NOT_DEFAULT,0.99999989999999,1.0000000994736e-07,NOT_DEFAULT
914172000000,1,3.875,163000,360,74,2,31,772.0,757,INS0000108737,0,0,Apr-12,1,0,0,NOT_DEFAULT,0.99999989999999,1.0000000994736e-07,NOT_DEFAULT
192734000000,8,3.0,205000,120,76,2,45,805.0,816,INS0000109562,0,0,Apr-12,1,0,0,DEFAULT,3.00000089999998e-14,0.99999999999997,DEFAULT
950248000000,6,4.5,135000,360,56,1,43,760.0,0,INS0000115321,0,0,Apr-12,0,1,0,NOT_DEFAULT,0.99999989999999,1.0000000994736e-07,NOT_DEFAULT
796851000000,8,4.375,93000,180,38,2,33,789.0,789,INS0000107550,0,0,Apr-12,1,0,0,NOT_DEFAULT,0.99999989999999,1.0000000994736e-07,NOT_DEFAULT
301521000000,8,3.875,394000,360,68,2,32,804.0,796,INS0000106931,0,0,May-12,1,0,0,NOT_DEFAULT,0.99999989999999,1.0000000994736e-07,NOT_DEFAULT
382690000000,8,3.875,156000,360,76,2,28,771.0,762,INS0000109334,0,0,Mar-12,0,0,1,NOT_DEFAULT,0.99999989999999,1.0000000994736e-07,NOT_DEFAULT
632324000000,8,3.75,233000,180,75,2,48,785.0,781,INS0000109498,0,0,Mar-12,0,0,1,DEFAULT,3.00000089999998e-14,0.99999999999997,DEFAULT
141619000000,15,4.0,162000,360,77,2,29,776.0,802,INS0000107097,0,0,Apr-12,1,0,0,NOT_DEFAULT,0.99999989999999,1.0000000994736e-07,NOT_DEFAULT
940781000000,8,3.75,131000,360,58,1,17,798.0,0,INS0000111224,0,0,Mar-12,1,0,0,NOT_DEFAULT,0.99999989999999,1.0000000994736e-07,NOT_DEFAULT
596228000000,8,3.25,250000,180,65,1,46,766.0,0,INS0000107136,0,0,May-12,0,0,1,DEFAULT,0.99999989999999,1.0000000994736e-07,DEFAULT
230666000000,8,3.125,414000,180,56,2,37,763.0,714,INS0000111873,0,0,Apr-12,1,0,0,NOT_DEFAULT,0.99999989999999,1.0000000994736e-07,NOT_DEFAULT
513049000000,8,3.875,417000,360,76,2,42,790.0,808,INS0000112084,0,0,Apr-12,0,0,1,DEFAULT,0.99999989999999,1.0000000994736e-07,DEFAULT
343783000000,18,3.0,172000,180,48,2,35,799.0,807,INS0000113517,0,0,May-12,0,1,0,NOT_DEFAULT,0.99999989999999,1.0000000994736e-07,NOT_DEFAULT
779762000000,14,3.49,238000,180,67,1,25,795.0,0,INS0000113599,0,0,Feb-12,1,0,0,DEFAULT,0.99999989999999,1.0000000994736e-07,DEFAULT
547923000000,8,3.25,85000,120,52,2,23,812.0,812,INS0000110756,0,0,Apr-12,0,1,0,NOT_DEFAULT,0.99999989999999,1.0000000994736e-07,NOT_DEFAULT
100734000000,4,3.5,417000,360,70,1,38,731.0,0,INS0000108489,0,0,Apr-12,0,0,1,NOT_DEFAULT,0.99999989999999,1.0000000994736e-07,NOT_DEFAULT
904068000000,8,3.875,275000,360,62,2,16,817.0,819,INS0000109271,0,0,Mar-12,1,0,0,NOT_DEFAULT,0.99999989999999,1.0000000994736e-07,NOT_DEFAULT
317455000000,8,4.5,172000,360,41,1,46,711.0,0,INS0000109653,0,0,Mar-12,1,0,0,NOT_DEFAULT,0.99999989999999,1.0000000994736e-07,NOT_DEFAULT
797053000000,1,3.625,227000,360,65,2,20,781.0,750,INS0000110029,0,0,Apr-12,1,0,0,NOT_DEFAULT,3.00000089999998e-14,0.99999999999997,NOT_DEFAULT
868919000000,15,3.875,228000,360,95,2,22,776.0,770,INS0000115199,30,0,Apr-12,0,0,1,DEFAULT,3.00000089999998e-14,0.99999999999997,DEFAULT
829803000000,15,4.25,112000,180,80,1,26,813.0,0,INS0000111761,0,0,Mar-12,0,0,1,NOT_DEFAULT,0.99999989999999,1.0000000994736e-07,NOT_DEFAULT
948436000000,1,4.5,320000,360,80,2,45,646.0,681,INS0000113126,0,0,Apr-12,0,1,0,NOT_DEFAULT,0.99999989999999,1.0000000994736e-07,NOT_DEFAULT
688386000000,8,3.75,205000,360,74,2,15,809.0,803,INS0000111950,0,0,May-12,1,0,0,DEFAULT,3.00000089999998e-14,0.99999999999997,DEFAULT
821360000000,15,4.375,72000,360,80,1,38,706.0,0,INS0000115188,0,0,Apr-12,0,0,1,NOT_DEFAULT,0.99999989999999,1.0000000994736e-07,NOT_DEFAULT
960735000000,8,4.0,216000,360,70,2,17,802.0,802,INS0000110481,0,0,Mar-12,1,0,0,DEFAULT,3.00000089999998e-14,0.99999999999997,DEFAULT
533892000000,15,3.625,145000,360,53,2,34,781.0,769,INS0000106152,0,0,Mar-12,0,1,0,NOT_DEFAULT,0.99999989999999,1.0000000994736e-07,NOT_DEFAULT
806598000000,1,4.625,161000,360,36,2,25,820.0,825,INS0000112624,0,0,Mar-12,1,0,0,NOT_DEFAULT,0.99999989999999,1.0000000994736e-07,NOT_DEFAULT
976089000000,1,3.75,315000,360,85,2,14,776.0,792,INS0000110855,12,0,Mar-12,0,0,1,NOT_DEFAULT,0.99999989999999,1.0000000994736e-07,NOT_DEFAULT
770189000000,8,3.25,417000,180,65,2,23,788.0,798,INS0000111420,0,0,Apr-12,1,0,0,NOT_DEFAULT,0.99999989999999,1.0000000994736e-07,NOT_DEFAULT
448972000000,8,4.5,110000,360,55,2,42,820.0,824,INS0000111777,0,0,May-12,1,0,0,DEFAULT,0.99999989999999,1.0000000994736e-07,NOT_DEFAULT
543151000000,15,4.0,116000,360,45,1,30,809.0,0,INS0000106989,0,0,Apr-12,0,1,0,NOT_DEFAULT,0.99999989999999,1.0000000994736e-07,NOT_DEFAULT
532364000000,15,4.25,53000,120,45,1,17,806.0,0,INS0000110531,0,0,Mar-12,0,1,0,NOT_DEFAULT,0.99999989999999,1.0000000994736e-07,NOT_DEFAULT
987777000000,5,2.85,238000,180,80,2,11,812.0,812,INS0000108464,0,0,Mar-12,0,0,1,NOT_DEFAULT,0.99999989999999,1.0000000994736e-07,NOT_DEFAULT
410762000000,1,4.125,367000,360,76,2,17,801.0,796,INS0000111444,0,0,Apr-12,1,0,0,NOT_DEFAULT,0.99999989999999,1.0000000994736e-07,NOT_DEFAULT
158242000000,8,4.125,135000,360,80,1,45,779.0,0,INS0000107469,0,0,Apr-12,1,0,0,NOT_DEFAULT,0.99999989999999,1.0000000994736e-07,NOT_DEFAULT
264601000000,9,3.875,185000,360,80,2,15,757.0,760,INS0000114258,0,0,Mar-12,1,0,0,NOT_DEFAULT,0.99999989999999,1.0000000994736e-07,NOT_DEFAULT
929126000000,8,3.99,104000,360,52,1,23,809.0,0,INS0000106924,0,0,Apr-12,0,1,0,NOT_DEFAULT,0.99999989999999,1.0000000994736e-07,NOT_DEFAULT
330417000000,1,3.25,98000,120,36,2,16,804.0,811,INS0000112878,0,0,Apr-12,1,0,0,NOT_DEFAULT,0.99999989999999,1.0000000994736e-07,NOT_DEFAULT
653465000000,5,3.875,321000,360,73,1,33,769.0,0,INS0000106804,0,0,Apr-12,1,0,0,NOT_DEFAULT,0.99999989999999,1.0000000994736e-07,NOT_DEFAULT
332235000000,8,4.25,208000,360,80,2,40,797.0,708,INS0000111562,0,0,May-12,0,0,1,DEFAULT,3.00000089999998e-14,0.99999999999997,DEFAULT
269483000000,4,3.75,376000,360,67,1,47,778.0,0,INS0000111775,0,0,Apr-12,1,0,0,NOT_DEFAULT,0.99999989999999,1.0000000994736e-07,NOT_DEFAULT
951326000000,8,3.625,353000,360,51,1,24,732.0,0,INS0000111613,0,0,Apr-12,0,1,0,NOT_DEFAULT,0.99999989999999,1.0000000994736e-07,NOT_DEFAULT
162280000000,9,3.75,128000,240,51,2,24,805.0,807,INS0000114191,0,0,Apr-12,1,0,0,NOT_DEFAULT,0.99999989999999,1.0000000994736e-07,NOT_DEFAULT
498628000000,8,3.875,117000,240,70,1,21,805.0,0,INS0000107579,0,0,Apr-12,1,0,0,NOT_DEFAULT,0.99999989999999,1.0000000994736e-07,NOT_DEFAULT
758792000000,8,3.75,180000,360,88,2,16,780.0,801,INS0000111560,25,0,May-12,1,0,0,NOT_DEFAULT,0.99999989999999,1.0000000994736e-07,NOT_DEFAULT
711149000000,3,4.0,122000,360,74,1,16,819.0,0,INS0000109259,0,0,Mar-12,1,0,0,NOT_DEFAULT,0.99999989999999,1.0000000994736e-07,NOT_DEFAULT
837581000000,1,4.5,66000,360,67,1,46,731.0,0,INS0000110052,0,0,Mar-12,0,0,1,NOT_DEFAULT,0.99999989999999,1.0000000994736e-07,NOT_DEFAULT
349875000000,1,4.0,186000,360,36,2,26,797.0,799,INS0000110978,0,0,Apr-12,1,0,0,NOT_DEFAULT,0.99999989999999,1.0000000994736e-07,NOT_DEFAULT
254232000000,15,3.625,513000,180,25,2,29,779.0,769,INS0000112682,0,0,Apr-12,1,0,0,NOT_DEFAULT,0.99999989999999,1.0000000994736e-07,NOT_DEFAULT
854786000000,8,4.0,417000,360,80,2,32,800.0,800,INS0000108767,0,0,May-12,1,0,0,NOT_DEFAULT,0.99999989999999,1.0000000994736e-07,NOT_DEFAULT
497100000000,8,3.875,349000,240,58,2,42,756.0,654,INS0000107996,0,0,Mar-12,0,1,0,NOT_DEFAULT,0.99999989999999,1.0000000994736e-07,NOT_DEFAULT
754621000000,8,4.125,139000,360,75,1,42,820.0,0,INS0000107053,0,0,Mar-12,0,1,0,NOT_DEFAULT,0.99999989999999,1.0000000994736e-07,NOT_DEFAULT
702433000000,4,3.738,405000,360,65,1,25,727.0,0,INS0000115536,0,0,Apr-12,1,0,0,NOT_DEFAULT,0.99999989999999,1.0000000994736e-07,NOT_DEFAULT
855739000000,8,4.125,174000,360,78,1,17,809.0,0,INS0000114144,0,0,Apr-12,0,1,0,NOT_DEFAULT,0.99999989999999,1.0000000994736e-07,NOT_DEFAULT
271388000000,8,3.375,81000,180,59,2,42,730.0,706,INS0000115780,0,0,Apr-12,1,0,0,NOT_DEFAULT,0.99999989999999,1.0000000994736e-07,NOT_DEFAULT
164020000000,15,4.125,320000,360,80,2,30,725.0,702,INS0000107023,0,0,Apr-12,0,0,1,NOT_DEFAULT,0.99999989999999,1.0000000994736e-07,NOT_DEFAULT
649802000000,8,3.875,128000,360,69,2,47,802.0,816,INS0000106010,0,0,May-12,1,0,0,NOT_DEFAULT,0.99999989999999,1.0000000994736e-07,NOT_DEFAULT
274833000000,1,3.875,400000,360,85,2,34,786.0,790,INS0000115371,12,0,Apr-12,0,0,1,NOT_DEFAULT,0.99999989999999,1.0000000994736e-07,NOT_DEFAULT
361201000000,8,3.125,225000,120,48,2,23,784.0,783,INS0000107472,0,0,Apr-12,0,1,0,DEFAULT,3.00000089999998e-14,0.99999999999997,DEFAULT
792995000000,1,3.625,65000,120,80,1,43,729.0,0,INS0000109136,0,0,Mar-12,1,0,0,NOT_DEFAULT,0.99999989999999,1.0000000994736e-07,NOT_DEFAULT
295676000000,18,4.625,126000,360,75,1,35,788.0,0,INS0000109506,0,0,Apr-12,0,0,1,NOT_DEFAULT,0.99999989999999,1.0000000994736e-07,NOT_DEFAULT
433250000000,5,4.25,142000,360,73,1,38,779.0,0,INS0000114786,0,0,Apr-12,1,0,0,NOT_DEFAULT,0.99999989999999,1.0000000994736e-07,NOT_DEFAULT
744858000000,1,4.0,264000,360,70,2,22,804.0,794,INS0000114918,0,0,Mar-12,0,1,0,NOT_DEFAULT,0.99999989999999,1.0000000994736e-07,NOT_DEFAULT
623541000000,7,3.875,310000,360,75,2,17,800.0,787,INS0000114911,0,0,Mar-12,1,0,0,NOT_DEFAULT,0.99999989999999,1.0000000994736e-07,NOT_DEFAULT
894452000000,1,4.0,139000,360,65,2,14,816.0,809,INS0000107677,0,0,Mar-12,1,0,0,NOT_DEFAULT,0.99999989999999,1.0000000994736e-07,NOT_DEFAULT
113183000000,8,3.25,390000,180,72,1,46,780.0,0,INS0000110822,0,0,Apr-12,1,0,0,NOT_DEFAULT,0.99999989999999,1.0000000994736e-07,NOT_DEFAULT
451043000000,8,3.0,143000,180,80,1,22,808.0,0,INS0000114367,0,0,May-12,1,0,0,NOT_DEFAULT,0.99999989999999,1.0000000994736e-07,NOT_DEFAULT
841842000000,1,3.875,250000,360,72,2,27,789.0,788,INS0000110778,0,0,Apr-12,1,0,0,NOT_DEFAULT,0.99999989999999,1.0000000994736e-07,NOT_DEFAULT
725765000000,8,3.999,243000,360,94,2,35,775.0,787,INS0000113107,30,1,Apr-12,0,0,1,NOT_DEFAULT,0.99999989999999,1.0000000994736e-07,NOT_DEFAULT
826477000000,1,4.25,316000,360,95,2,42,801.0,708,INS0000111744,30,0,Mar-12,0,0,1,NOT_DEFAULT,0.99999989999999,1.0000000994736e-07,NOT_DEFAULT
501565000000,1,3.875,417000,360,69,2,47,775.0,783,INS0000115244,0,0,Mar-12,1,0,0,NOT_DEFAULT,0.99999989999999,1.0000000994736e-07,NOT_DEFAULT
220580000000,18,3.625,89000,180,90,1,35,770.0,0,INS0000106803,12,0,Mar-12,0,0,1,NOT_DEFAULT,0.99999989999999,1.0000000994736e-07,NOT_DEFAULT
770004000000,8,4.25,84000,240,47,2,24,759.0,715,INS0000107645,0,0,Mar-12,1,0,0,NOT_DEFAULT,0.99999989999999,1.0000000994736e-07,NOT_DEFAULT
282421000000,8,4.125,215000,360,85,2,29,764.0,733,INS0000109589,12,0,Mar-12,1,0,0,DEFAULT,3.00000089999998e-14,0.99999999999997,DEFAULT
617780000000,8,3.1,119000,180,33,2,35,798.0,785,INS0000108919,0,0,May-12,1,0,0,NOT_DEFAULT,0.99999989999999,1.0000000994736e-07,NOT_DEFAULT
546185000000,4,3.875,165000,360,69,2,38,797.0,801,INS0000115108,0,0,Apr-12,1,0,0,NOT_DEFAULT,0.99999989999999,1.0000000994736e-07,NOT_DEFAULT
301247000000,1,3.875,114000,360,57,1,22,798.0,0,INS0000113562,0,0,Apr-12,1,0,0,NOT_DEFAULT,0.99999989999999,1.0000000994736e-07,NOT_DEFAULT
991103000000,8,3.875,188000,360,80,1,41,773.0,0,INS0000112451,0,0,Apr-12,0,0,1,NOT_DEFAULT,0.99999989999999,1.0000000994736e-07,NOT_DEFAULT
906626000000,13,3.25,102000,180,57,1,41,788.0,0,INS0000109822,0,0,Apr-12,1,0,0,NOT_DEFAULT,0.99999989999999,1.0000000994736e-07,NOT_DEFAULT
816134000000,1,3.25,200000,120,44,2,21,808.0,780,INS0000109275,0,0,Mar-12,1,0,0,NOT_DEFAULT,0.99999989999999,1.0000000994736e-07,NOT_DEFAULT
105381000000,1,3.75,108000,360,90,2,25,788.0,808,INS0000108902,25,0,Apr-12,0,0,1,NOT_DEFAULT,0.99999989999999,1.0000000994736e-07,NOT_DEFAULT
118555000000,1,3.875,350000,360,46,2,14,799.0,808,INS0000107016,0,0,May-12,0,1,0,NOT_DEFAULT,0.99999989999999,1.0000000994736e-07,NOT_DEFAULT
378125000000,1,3.25,150000,180,67,1,17,795.0,0,INS0000114574,0,0,Mar-12,1,0,0,NOT_DEFAULT,0.99999989999999,1.0000000994736e-07,NOT_DEFAULT
234140000000,1,3.5,251000,240,27,2,26,798.0,794,INS0000109878,0,0,May-12,1,0,0,NOT_DEFAULT,0.99999989999999,1.0000000994736e-07,NOT_DEFAULT
258333000000,8,4.0,95000,360,75,1,31,699.0,0,INS0000111330,0,0,Apr-12,0,1,0,NOT_DEFAULT,0.99999989999999,1.0000000994736e-07,NOT_DEFAULT
894945000000,6,3.5,180000,96,55,1,32,773.0,0,INS0000110558,0,0,Apr-12,0,1,0,NOT_DEFAULT,0.99999989999999,1.0000000994736e-07,NOT_DEFAULT
140627000000,9,3.375,100000,180,19,2,38,803.0,800,INS0000112292,0,0,Apr-12,0,1,0,NOT_DEFAULT,0.99999989999999,1.0000000994736e-07,NOT_DEFAULT
961849000000,8,4.75,272000,360,80,1,23,714.0,0,INS0000108199,0,0,Mar-12,0,1,0,NOT_DEFAULT,0.99999989999999,1.0000000994736e-07,NOT_DEFAULT
384978000000,6,4.125,194000,300,43,2,38,817.0,800,INS0000109071,0,0,Mar-12,1,0,0,NOT_DEFAULT,0.99999989999999,1.0000000994736e-07,NOT_DEFAULT
277694000000,1,3.875,417000,240,56,2,45,729.0,769,INS0000113558,0,0,May-12,1,0,0,NOT_DEFAULT,0.99999989999999,1.0000000994736e-07,NOT_DEFAULT
300748000000,8,4.0,162000,360,80,2,39,752.0,745,INS0000107079,0,0,Apr-12,0,0,1,NOT_DEFAULT,0.99999989999999,1.0000000994736e-07,NOT_DEFAULT
141958000000,8,3.875,392000,360,79,2,26,814.0,797,INS0000110243,0,0,Mar-12,1,0,0,NOT_DEFAULT,0.99999989999999,1.0000000994736e-07,NOT_DEFAULT
725147000000,15,4.25,338000,360,90,1,9,743.0,0,INS0000111699,25,0,May-12,1,0,0,NOT_DEFAULT,0.99999989999999,1.0000000994736e-07,NOT_DEFAULT
286020000000,8,3.125,88000,180,76,2,17,816.0,816,INS0000108539,0,0,May-12,0,1,0,NOT_DEFAULT,0.99999989999999,1.0000000994736e-07,NOT_DEFAULT
254843000000,1,4.625,175000,120,41,2,20,816.0,785,INS0000108209,0,0,Apr-12,0,1,0,NOT_DEFAULT,0.99999989999999,1.0000000994736e-07,NOT_DEFAULT
396436000000,18,3.375,122000,180,75,1,41,770.0,0,INS0000106747,0,0,Apr-12,1,0,0,NOT_DEFAULT,0.99999989999999,1.0000000994736e-07,NOT_DEFAULT
181130000000,8,3.875,376000,360,72,2,34,737.0,752,INS0000107637,0,0,May-12,1,0,0,NOT_DEFAULT,0.99999989999999,1.0000000994736e-07,NOT_DEFAULT
106378000000,1,4.375,316000,360,80,2,34,801.0,808,INS0000113940,0,0,Mar-12,0,1,0,NOT_DEFAULT,0.99999989999999,1.0000000994736e-07,NOT_DEFAULT
678266000000,8,4.25,77000,180,75,1,22,681.0,0,INS0000112802,0,0,Mar-12,0,1,0,NOT_DEFAULT,0.99999989999999,1.0000000994736e-07,NOT_DEFAULT
228415000000,8,3.75,171000,360,75,2,28,788.0,792,INS0000109880,0,0,Mar-12,1,0,0,NOT_DEFAULT,0.99999989999999,1.0000000994736e-07,NOT_DEFAULT
438760000000,5,4.5,204000,360,80,2,16,786.0,792,INS0000107298,0,0,Apr-12,1,0,0,DEFAULT,3.00000089999998e-14,0.99999999999997,DEFAULT
712530000000,13,3.375,158000,180,59,2,42,793.0,704,INS0000109413,0,0,Apr-12,0,1,0,NOT_DEFAULT,0.99999989999999,1.0000000994736e-07,NOT_DEFAULT
423219000000,15,4.125,153000,360,56,2,27,767.0,777,INS0000109360,0,0,May-12,1,0,0,NOT_DEFAULT,0.99999989999999,1.0000000994736e-07,NOT_DEFAULT
501507000000,15,4.25,238000,360,69,2,32,697.0,660,INS0000108047,0,0,Mar-12,0,1,0,NOT_DEFAULT,0.99999989999999,1.0000000994736e-07,NOT_DEFAULT
772301000000,8,3.125,172000,180,64,2,35,797.0,797,INS0000110489,0,0,Apr-12,1,0,0,NOT_DEFAULT,0.99999989999999,1.0000000994736e-07,NOT_DEFAULT
934428000000,4,3.918,340000,360,80,2,27,736.0,766,INS0000115691,0,0,Apr-12,1,0,0,NOT_DEFAULT,0.99999989999999,1.0000000994736e-07,NOT_DEFAULT
123022000000,8,3.625,130000,240,70,2,23,817.0,811,INS0000107383,0,0,May-12,1,0,0,NOT_DEFAULT,0.99999989999999,1.0000000994736e-07,NOT_DEFAULT
146832000000,1,3.875,120000,360,50,2,43,803.0,803,INS0000106332,0,0,Mar-12,1,0,0,NOT_DEFAULT,0.99999989999999,1.0000000994736e-07,NOT_DEFAULT
369271000000,8,4.375,281000,360,62,1,27,793.0,0,INS0000114674,0,0,Apr-12,1,0,0,NOT_DEFAULT,0.99999989999999,1.0000000994736e-07,NOT_DEFAULT
819918000000,1,3.99,187000,360,28,1,23,794.0,0,INS0000107088,0,0,Mar-12,1,0,0,NOT_DEFAULT,0.99999989999999,1.0000000994736e-07,NOT_DEFAULT
794170000000,16,4.115,98000,360,80,1,41,774.0,0,INS0000109059,0,0,Mar-12,1,0,0,NOT_DEFAULT,0.99999989999999,1.0000000994736e-07,NOT_DEFAULT
520655000000,15,4.625,26000,180,55,1,25,783.0,0,INS0000113857,0,0,Mar-12,0,1,0,NOT_DEFAULT,0.99999989999999,1.0000000994736e-07,NOT_DEFAULT
368681000000,15,5.375,38000,360,79,1,25,718.0,0,INS0000113670,0,0,Apr-12,0,0,1,NOT_DEFAULT,0.99999989999999,1.0000000994736e-07,NOT_DEFAULT
259035000000,8,3.875,177000,360,69,1,17,800.0,0,INS0000108026,0,0,May-12,0,1,0,NOT_DEFAULT,0.99999989999999,1.0000000994736e-07,NOT_DEFAULT
345097000000,8,4.125,223000,360,95,1,42,781.0,0,INS0000112840,30,0,Mar-12,0,0,1,DEFAULT,3.00000089999998e-14,0.99999999999997,DEFAULT
796393000000,8,4.25,171000,360,90,1,41,692.0,0,INS0000114776,25,0,May-12,0,0,1,NOT_DEFAULT,0.99999989999999,1.0000000994736e-07,NOT_DEFAULT
224452000000,15,4.125,207000,360,67,1,21,796.0,0,INS0000111666,0,0,Mar-12,1,0,0,DEFAULT,3.00000089999998e-14,0.99999999999997,DEFAULT
449468000000,8,3.75,243000,360,60,2,48,720.0,704,INS0000116026,0,0,Apr-12,1,0,0,NOT_DEFAULT,0.99999989999999,1.0000000994736e-07,NOT_DEFAULT
351466000000,8,3.25,110000,180,62,1,31,812.0,0,INS0000108852,0,0,Apr-12,1,0,0,NOT_DEFAULT,0.99999989999999,1.0000000994736e-07,NOT_DEFAULT
813935000000,8,4.0,155000,240,85,1,39,711.0,0,INS0000114934,6,0,May-12,1,0,0,NOT_DEFAULT,0.99999989999999,1.0000000994736e-07,NOT_DEFAULT
117671000000,1,3.875,518000,360,37,2,41,807.0,796,INS0000109386,0,0,May-12,1,0,0,NOT_DEFAULT,0.99999989999999,1.0000000994736e-07,NOT_DEFAULT
877382000000,3,4.5,80000,300,80,2,29,790.0,784,INS0000115328,0,0,Apr-12,0,1,0,NOT_DEFAULT,0.99999989999999,1.0000000994736e-07,NOT_DEFAULT
323801000000,8,4.0,92000,360,80,1,27,689.0,0,INS0000112688,0,0,Apr-12,0,1,0,NOT_DEFAULT,0.99999989999999,1.0000000994736e-07,NOT_DEFAULT
483537000000,8,3.375,105000,180,60,2,22,756.0,747,INS0000110857,0,0,Mar-12,0,1,0,NOT_DEFAULT,0.99999989999999,1.0000000994736e-07,NOT_DEFAULT
870352000000,8,4.125,156000,360,80,1,43,777.0,0,INS0000115712,0,0,Mar-12,0,0,1,NOT_DEFAULT,0.99999989999999,1.0000000994736e-07,NOT_DEFAULT
945628000000,1,4.0,170000,360,66,1,41,750.0,0,INS0000114192,0,0,Mar-12,0,1,0,NOT_DEFAULT,0.99999989999999,1.0000000994736e-07,NOT_DEFAULT
593451000000,8,4.0,104000,360,26,1,26,782.0,0,INS0000115631,0,0,May-12,0,1,0,NOT_DEFAULT,0.99999989999999,1.0000000994736e-07,NOT_DEFAULT
325752000000,1,3.875,260000,360,65,2,18,786.0,816,INS0000109167,0,0,Mar-12,0,0,1,NOT_DEFAULT,0.99999989999999,1.0000000994736e-07,NOT_DEFAULT
